<?xml version="1.0" encoding="UTF-8"?>
<!DOCTYPE mapper PUBLIC "-//mybatis.org//DTD Mapper 3.0//EN" "http://mybatis.org/dtd/mybatis-3-mapper.dtd">
<mapper namespace="ssm.dao.UsersMapper">
  <resultMap id="BaseResultMap" type="ssm.model.Users">
    <!--
      WARNING - @mbg.generated
      This element is automatically generated by MyBatis Generator, do not modify.
    -->
    <id column="id" jdbcType="INTEGER" property="id" />
    <result column="username" jdbcType="VARCHAR" property="username" />
    <result column="password" jdbcType="VARCHAR" property="password" />
    <result column="password_salt" jdbcType="VARCHAR" property="passwordSalt" />
    <result column="status" jdbcType="VARCHAR" property="status" />
  </resultMap>
  <delete id="deleteByPrimaryKey" parameterType="java.lang.Integer">
    <!--
      WARNING - @mbg.generated
      This element is automatically generated by MyBatis Generator, do not modify.
    -->
    delete from users
    where id = #{id,jdbcType=INTEGER}
  </delete>
  <insert id="insert" parameterType="ssm.model.Users">
    <!--
      WARNING - @mbg.generated
      This element is automatically generated by MyBatis Generator, do not modify.
    -->
    insert into users (id, username, password, 
      password_salt, status)
    values (#{id,jdbcType=INTEGER}, #{username,jdbcType=VARCHAR}, #{password,jdbcType=VARCHAR}, 
      #{passwordSalt,jdbcType=VARCHAR}, #{status,jdbcType=VARCHAR})
  </insert>
  <update id="updateByPrimaryKey" parameterType="ssm.model.Users">
    <!--
      WARNING - @mbg.generated
      This element is automatically generated by MyBatis Generator, do not modify.
    -->
    update users
    set username = #{username,jdbcType=VARCHAR},
      password = #{password,jdbcType=VARCHAR},
      password_salt = #{passwordSalt,jdbcType=VARCHAR},
      status = #{status,jdbcType=VARCHAR}
    where id = #{id,jdbcType=INTEGER}
  </update>
  <select id="selectByPrimaryKey" parameterType="java.lang.Integer" resultMap="BaseResultMap">
    <!--
      WARNING - @mbg.generated
      This element is automatically generated by MyBatis Generator, do not modify.
    -->
    select id, username, password, password_salt, status
    from users
    where id = #{id,jdbcType=INTEGER}
  </select>
  <select id="selectAll" resultMap="BaseResultMap">
    <!--
      WARNING - @mbg.generated
      This element is automatically generated by MyBatis Generator, do not modify.
    -->
    select id, username, password, password_salt, status
    from users
  </select>

  <select id="findUserByName" parameterType="String" resultMap="BaseResultMap">
    select *  from users a where a.username=#{username}
  </select>



  <select id="findPositionByRole" parameterType="java.lang.Integer" resultType="ssm.model.Position">
   SELECT c.pId,c.`name`,c.url,c.Permission from position c LEFT JOIN posrole d on d.pid=c.pId where d.rid in
(SELECT b.roleId from userrole a LEFT JOIN role b on a.rid=b.roleId where a.uid=#{userId})
  </select>
</mapper>